file,dataset,opponent_label,combined_game_idx,dataset_game_idx,my_won,my_score,my_words,my_words_over_800,my_words_over_1400,my_words_over_1800,my_words_over_2200,my_avg_word_value,my_hv_rate,opponent_score,opponent_words,opponent_words_over_800,opponent_words_over_1400,opponent_words_over_1800,opponent_words_over_2200,opponent_avg_word_value,opponent_hv_rate,opponent_tier,total_score,total_words,total_avg_word_value,score_diff,words_diff,words_over_800_diff,words_over_1400_diff,words_over_1800_diff,words_over_2200_diff,avg_word_value_diff,hv_rate_diff,notes,my_adjusted_points,opponent_adjusted_points,my_score_share,opponent_score_share,vs_opponent_2
IMG_5712.PNG,1,Opponent 1,1,1,0,11200,27,7,1,0,0,414.81,0.2593,16400,33,11,3,0,0,496.97,0.3333,strong opponent,27600,60,460.0,-5200,-6,-4,-2,0,0,-82.16,-0.074,,-2600.0,2600.0,0.4057971014492754,0.5942028985507246,0
IMG_5713.PNG,1,Opponent 1,2,2,1,7300,26,2,0,0,0,280.77,0.0769,6300,26,1,0,0,0,242.31,0.0385,weak opponent,13600,52,261.54,1000,0,1,0,0,0,38.46,0.0384,,500.0,-500.0,0.5367647058823529,0.4632352941176471,0
IMG_5714.PNG,1,Opponent 1,3,3,0,4800,20,1,0,0,0,240.0,0.05,8000,26,3,0,0,0,307.69,0.1154,mid opponent,12800,46,278.26,-3200,-6,-2,0,0,0,-67.69,-0.0654,,-1600.0,1600.0,0.375,0.625,0
IMG_5715.PNG,1,Opponent 1,4,4,0,9200,32,3,0,0,0,287.5,0.0938,12600,37,5,0,0,0,340.54,0.1351,mid opponent,21800,69,315.94,-3400,-5,-2,0,0,0,-53.04,-0.0413,,-1700.0,1700.0,0.4220183486238532,0.5779816513761468,0
IMG_5716.PNG,1,Opponent 1,5,5,0,14800,41,8,0,0,0,360.98,0.1951,16200,43,8,1,0,0,376.74,0.186,strong opponent,31000,84,369.05,-1400,-2,0,-1,0,0,-15.76,0.0091,,-700.0,700.0,0.4774193548387097,0.5225806451612903,0
IMG_5717.PNG,1,Opponent 1,6,6,0,15900,48,6,0,0,0,331.25,0.125,23900,48,15,0,0,0,497.92,0.3125,strong opponent,39800,96,414.58,-8000,0,-9,0,0,0,-166.67,-0.1875,opp_words_over_800 is a lower bound; visible 15-word list never drops below 800 before truncation (33 more hidden),-4000.0,4000.0,0.3994974874371859,0.6005025125628141,0
IMG_5718.PNG,1,Opponent 1,7,7,0,7600,31,0,0,0,0,245.16,0.0,8100,27,3,0,0,0,300.0,0.1111,mid opponent,15700,58,270.69,-500,4,-3,0,0,0,-54.84,-0.1111,,-250.0,250.0,0.4840764331210191,0.5159235668789809,0
IMG_5719.PNG,1,Opponent 1,8,8,0,8200,40,0,0,0,0,205.0,0.0,11400,33,6,1,0,0,345.45,0.1818,mid opponent,19600,73,268.49,-3200,7,-6,-1,0,0,-140.45,-0.1818,,-1600.0,1600.0,0.4183673469387755,0.5816326530612245,0
IMG_5720.PNG,1,Opponent 1,9,9,0,2400,15,0,0,0,0,160.0,0.0,3100,16,0,0,0,0,193.75,0.0,weak opponent,5500,31,177.42,-700,-1,0,0,0,0,-33.75,0.0,,-350.0,350.0,0.4363636363636363,0.5636363636363636,0
IMG_5721.PNG,1,Opponent 1,10,10,0,7100,29,0,0,0,0,244.83,0.0,8800,32,2,0,0,0,275.0,0.0625,weak opponent,15900,61,260.66,-1700,-3,-2,0,0,0,-30.17,-0.0625,,-850.0,850.0,0.4465408805031446,0.5534591194968553,0
IMG_5722.PNG,1,Opponent 1,11,11,0,10700,44,3,0,0,0,243.18,0.0682,13500,33,9,2,0,0,409.09,0.2727,strong opponent,24200,77,314.29,-2800,11,-6,-2,0,0,-165.91,-0.2045,,-1400.0,1400.0,0.4421487603305785,0.5578512396694215,0
IMG_5723.PNG,1,Opponent 1,12,12,1,14100,34,8,1,0,0,414.71,0.2353,12100,38,5,0,0,0,318.42,0.1316,mid opponent,26200,72,363.89,2000,-4,3,1,0,0,96.29,0.1037,,1000.0,-1000.0,0.5381679389312977,0.4618320610687023,0
IMG_5724.PNG,1,Opponent 1,13,13,0,6200,32,0,0,0,0,193.75,0.0,7500,28,2,0,0,0,267.86,0.0714,weak opponent,13700,60,228.33,-1300,4,-2,0,0,0,-74.11,-0.0714,,-650.0,650.0,0.4525547445255474,0.5474452554744526,0
IMG_5725.PNG,1,Opponent 1,14,14,1,7300,32,2,0,0,0,228.12,0.0625,4500,26,1,0,0,0,173.08,0.0385,weak opponent,11800,58,203.45,2800,6,1,0,0,0,55.04,0.024,,1400.0,-1400.0,0.6186440677966102,0.3813559322033898,0
IMG_5726.PNG,1,Opponent 1,15,15,0,7200,26,1,0,0,0,276.92,0.0385,13300,37,9,0,0,0,359.46,0.2432,mid opponent,20500,63,325.4,-6100,-11,-8,0,0,0,-82.54,-0.2047,,-3050.0,3050.0,0.3512195121951219,0.6487804878048781,0
IMG_5727.PNG,1,Opponent 1,16,16,0,16200,39,9,1,0,0,415.38,0.2308,23200,41,15,6,0,0,565.85,0.3659,strong opponent,39400,80,492.5,-7000,-2,-6,-5,0,0,-150.47,-0.1351,opp_words_over_800 is a lower bound; visible 15-word list never drops below 800 before truncation (26 more hidden),-3500.0,3500.0,0.4111675126903553,0.5888324873096447,0
IMG_5728.PNG,1,Opponent 1,17,17,1,15800,37,10,1,0,0,427.03,0.2703,11400,31,4,1,1,0,367.74,0.129,strong opponent,27200,68,400.0,4400,6,6,0,-1,0,59.29,0.1413,,2200.0,-2200.0,0.5808823529411765,0.4191176470588235,0
IMG_5729.PNG,1,Opponent 1,18,18,1,8700,31,2,0,0,0,280.65,0.0645,6500,25,1,0,0,0,260.0,0.04,weak opponent,15200,56,271.43,2200,6,1,0,0,0,20.65,0.0245,,1100.0,-1100.0,0.5723684210526315,0.4276315789473684,0
IMG_5730.PNG,1,Opponent 1,19,19,0,5500,17,2,1,0,0,323.53,0.1176,13700,31,7,4,0,0,441.94,0.2258,strong opponent,19200,48,400.0,-8200,-14,-5,-3,0,0,-118.41,-0.1082,,-4100.0,4100.0,0.2864583333333333,0.7135416666666666,0
IMG_5731.PNG,1,Opponent 1,20,20,1,17600,44,8,2,0,0,400.0,0.1818,16200,35,10,2,0,0,462.86,0.2857,strong opponent,33800,79,427.85,1400,9,-2,0,0,0,-62.86,-0.1039,,700.0,-700.0,0.5207100591715976,0.4792899408284023,0
IMG_5732.PNG,1,Opponent 1,21,21,0,7900,33,1,0,0,0,239.39,0.0303,10200,31,2,1,0,0,329.03,0.0645,mid opponent,18100,64,282.81,-2300,2,-1,-1,0,0,-89.64,-0.0342,,-1150.0,1150.0,0.43646408839779,0.56353591160221,0
IMG_5733.PNG,1,Opponent 1,22,22,0,19000,41,14,1,0,0,463.41,0.3415,19400,33,13,6,1,0,587.88,0.3939,strong opponent,38400,74,518.92,-400,8,1,-5,-1,0,-124.47,-0.0524,,-200.0,200.0,0.4947916666666667,0.5052083333333334,0
IMG_5734.PNG,1,Opponent 1,23,23,1,10400,32,3,3,0,0,325.0,0.0938,5200,27,1,0,0,0,192.59,0.037,weak opponent,15600,59,264.41,5200,5,2,3,0,0,132.41,0.0568,,2600.0,-2600.0,0.6666666666666666,0.3333333333333333,0
IMG_5735.PNG,1,Opponent 1,24,24,1,14100,36,6,2,0,0,391.67,0.1667,12200,39,5,0,0,0,312.82,0.1282,mid opponent,26300,75,350.67,1900,-3,1,2,0,0,78.85,0.0385,,950.0,-950.0,0.5361216730038023,0.4638783269961977,0
IMG_5736.PNG,1,Opponent 1,25,25,0,10800,41,1,0,0,0,263.41,0.0244,12000,34,5,0,0,0,352.94,0.1471,mid opponent,22800,75,304.0,-1200,7,-4,0,0,0,-89.53,-0.1227,,-600.0,600.0,0.4736842105263157,0.5263157894736842,0
IMG_5737.PNG,1,Opponent 1,26,26,1,10300,46,0,0,0,0,223.91,0.0,7400,37,1,0,0,0,200.0,0.027,weak opponent,17700,83,213.25,2900,9,-1,0,0,0,23.91,-0.027,,1450.0,-1450.0,0.5819209039548022,0.4180790960451977,0
IMG_5738.PNG,1,Opponent 1,27,27,0,3400,19,0,0,0,0,178.95,0.0,7100,26,3,0,0,0,273.08,0.1154,weak opponent,10500,45,233.33,-3700,-7,-3,0,0,0,-94.13,-0.1154,,-1850.0,1850.0,0.3238095238095238,0.6761904761904762,0
IMG_5739.PNG,1,Opponent 1,28,28,0,11000,34,4,0,0,0,323.53,0.1176,12200,29,6,1,0,0,420.69,0.2069,strong opponent,23200,63,368.25,-1200,5,-2,-1,0,0,-97.16,-0.0893,,-600.0,600.0,0.4741379310344827,0.5258620689655172,0
IMG_5740.PNG,1,Opponent 1,29,29,1,13600,43,3,0,0,0,316.28,0.0698,10100,30,2,0,0,0,336.67,0.0667,mid opponent,23700,73,324.66,3500,13,1,0,0,0,-20.39,0.0031,,1750.0,-1750.0,0.5738396624472574,0.4261603375527426,0
IMG_5741.PNG,1,Opponent 1,30,30,0,8200,31,3,0,0,0,264.52,0.0968,11300,33,5,1,0,0,342.42,0.1515,mid opponent,19500,64,304.69,-3100,-2,-2,-1,0,0,-77.9,-0.0547,,-1550.0,1550.0,0.4205128205128205,0.5794871794871795,0
IMG_5742.PNG,1,Opponent 1,31,31,0,8500,28,3,0,0,0,303.57,0.1071,12300,34,5,2,0,0,361.76,0.1471,strong opponent,20800,62,335.48,-3800,-6,-2,-2,0,0,-58.19,-0.04,,-1900.0,1900.0,0.4086538461538461,0.5913461538461539,0
IMG_5743.PNG,1,Opponent 1,32,32,1,13300,44,5,0,0,0,302.27,0.1136,10100,39,2,0,0,0,258.97,0.0513,weak opponent,23400,83,281.93,3200,5,3,0,0,0,43.3,0.0623,,1600.0,-1600.0,0.5683760683760684,0.4316239316239316,0
IMG_5744.PNG,1,Opponent 1,33,33,0,5700,26,1,0,0,0,219.23,0.0385,7500,24,3,1,0,0,312.5,0.125,mid opponent,13200,50,264.0,-1800,2,-2,-1,0,0,-93.27,-0.0865,,-900.0,900.0,0.4318181818181818,0.5681818181818182,0
IMG_5745.PNG,1,Opponent 1,34,34,1,6900,32,1,0,0,0,215.62,0.0312,5500,25,0,0,0,0,220.0,0.0,weak opponent,12400,57,217.54,1400,7,1,0,0,0,-4.38,0.0312,,700.0,-700.0,0.5564516129032258,0.4435483870967742,0
IMG_5746.PNG,1,Opponent 1,35,35,1,16800,34,11,3,0,0,494.12,0.3235,16600,28,11,4,1,0,592.86,0.3929,strong opponent,33400,62,538.71,200,6,0,-1,-1,0,-98.74,-0.0694,,100.0,-100.0,0.5029940119760479,0.497005988023952,0
IMG_5747.PNG,1,Opponent 1,36,36,1,8700,42,0,0,0,0,207.14,0.0,7500,35,1,0,0,0,214.29,0.0286,weak opponent,16200,77,210.39,1200,7,-1,0,0,0,-7.15,-0.0286,,600.0,-600.0,0.5370370370370371,0.4629629629629629,0
IMG_5748.PNG,1,Opponent 1,37,37,1,11000,38,3,0,0,0,289.47,0.0789,8400,30,3,0,0,0,280.0,0.1,weak opponent,19400,68,285.29,2600,8,0,0,0,0,9.47,-0.0211,,1300.0,-1300.0,0.5670103092783505,0.4329896907216495,0
IMG_5749.PNG,1,Opponent 1,38,38,1,14300,36,8,1,0,0,397.22,0.2222,13200,39,6,0,0,0,338.46,0.1538,mid opponent,27500,75,366.67,1100,-3,2,1,0,0,58.76,0.0684,,550.0,-550.0,0.52,0.48,0
IMG_5750.PNG,1,Opponent 1,39,39,1,8100,35,1,0,0,0,231.43,0.0286,4500,20,1,0,0,0,225.0,0.05,weak opponent,12600,55,229.09,3600,15,0,0,0,0,6.43,-0.0214,,1800.0,-1800.0,0.6428571428571429,0.3571428571428571,0
IMG_5751.PNG,1,Opponent 1,40,40,1,10900,38,2,0,0,0,286.84,0.0526,8600,32,0,0,0,0,268.75,0.0,weak opponent,19500,70,278.57,2300,6,2,0,0,0,18.09,0.0526,,1150.0,-1150.0,0.558974358974359,0.441025641025641,0
IMG_5752.PNG,1,Opponent 1,41,41,0,14400,37,8,1,0,0,389.19,0.2162,20100,35,13,4,2,1,574.29,0.3714,strong opponent,34500,72,479.17,-5700,2,-5,-3,-2,-1,-185.1,-0.1552,,-2850.0,2850.0,0.417391304347826,0.5826086956521739,0
IMG_5753.PNG,1,Opponent 1,42,42,1,10500,36,3,2,0,0,291.67,0.0833,7600,31,0,0,0,0,245.16,0.0,weak opponent,18100,67,270.15,2900,5,3,2,0,0,46.51,0.0833,,1450.0,-1450.0,0.580110497237569,0.4198895027624309,0
IMG_5754.PNG,1,Opponent 1,43,43,0,7500,28,2,0,0,0,267.86,0.0714,17500,38,11,4,0,0,460.53,0.2895,strong opponent,25000,66,378.79,-10000,-10,-9,-4,0,0,-192.67,-0.2181,,-5000.0,5000.0,0.3,0.7,0
IMG_5755.PNG,1,Opponent 1,44,44,0,11600,31,7,1,0,0,374.19,0.2258,13100,36,8,0,0,0,363.89,0.2222,strong opponent,24700,67,368.66,-1500,-5,-1,1,0,0,10.3,0.0036,,-750.0,750.0,0.4696356275303643,0.5303643724696356,0
IMG_5756.PNG,1,Opponent 1,45,45,0,11100,34,5,0,0,0,326.47,0.1471,16300,38,11,2,0,0,428.95,0.2895,strong opponent,27400,72,380.56,-5200,-4,-6,-2,0,0,-102.48,-0.1424,,-2600.0,2600.0,0.4051094890510949,0.5948905109489051,0
IMG_5757.PNG,1,Opponent 1,46,46,0,7200,28,2,0,0,0,257.14,0.0714,7900,27,4,0,0,0,292.59,0.1481,weak opponent,15100,55,274.55,-700,1,-2,0,0,0,-35.45,-0.0767,,-350.0,350.0,0.4768211920529801,0.5231788079470199,0
IMG_5758.PNG,1,Opponent 1,47,47,1,24000,57,15,1,0,0,421.05,0.2632,15500,43,7,0,0,0,360.47,0.1628,mid opponent,39500,100,395.0,8500,14,8,1,0,0,60.58,0.1004,my_words_over_800 is a lower bound; visible 15-word list never drops below 800 before truncation (42 more hidden),4250.0,-4250.0,0.6075949367088608,0.3924050632911392,0
IMG_5759.PNG,1,Opponent 1,48,48,0,9600,30,3,1,0,0,320.0,0.1,10200,30,3,1,0,0,340.0,0.1,mid opponent,19800,60,330.0,-600,0,0,0,0,0,-20.0,0.0,,-300.0,300.0,0.4848484848484848,0.5151515151515151,0
IMG_5760.PNG,1,Opponent 1,49,49,0,10900,32,5,1,0,0,340.62,0.1562,15300,42,6,2,0,0,364.29,0.1429,strong opponent,26200,74,354.05,-4400,-10,-1,-1,0,0,-23.67,0.0133,,-2200.0,2200.0,0.416030534351145,0.583969465648855,0
IMG_5761.PNG,1,Opponent 1,50,50,1,12800,40,4,1,0,0,320.0,0.1,11700,40,2,0,0,0,292.5,0.05,weak opponent,24500,80,306.25,1100,0,2,1,0,0,27.5,0.05,,550.0,-550.0,0.5224489795918368,0.4775510204081633,0
IMG_5762.PNG,1,Opponent 1,51,51,0,5000,31,1,0,0,0,161.29,0.0323,6200,30,2,0,0,0,206.67,0.0667,weak opponent,11200,61,183.61,-1200,1,-1,0,0,0,-45.38,-0.0344,,-600.0,600.0,0.4464285714285714,0.5535714285714286,0
IMG_5763.PNG,1,Opponent 1,52,52,1,16900,56,5,0,0,0,301.79,0.0893,13500,34,8,1,0,0,397.06,0.2353,strong opponent,30400,90,337.78,3400,22,-3,-1,0,0,-95.27,-0.146,,1700.0,-1700.0,0.555921052631579,0.4440789473684211,0
IMG_5764.PNG,1,Opponent 1,53,53,0,7000,34,0,0,0,0,205.88,0.0,9400,40,0,0,0,0,235.0,0.0,weak opponent,16400,74,221.62,-2400,-6,0,0,0,0,-29.12,0.0,,-1200.0,1200.0,0.4268292682926829,0.573170731707317,0
IMG_5765.PNG,1,Opponent 1,54,54,1,22100,59,12,0,0,0,374.58,0.2034,13600,43,6,2,0,0,316.28,0.1395,mid opponent,35700,102,350.0,8500,16,6,-2,0,0,58.3,0.0639,,4250.0,-4250.0,0.6190476190476191,0.3809523809523809,0
IMG_5766.PNG,1,Opponent 1,55,55,0,6100,25,0,0,0,0,244.0,0.0,9300,31,2,0,0,0,300.0,0.0645,mid opponent,15400,56,275.0,-3200,-6,-2,0,0,0,-56.0,-0.0645,,-1600.0,1600.0,0.3961038961038961,0.6038961038961039,0
IMG_5767.PNG,1,Opponent 1,56,56,1,11100,43,2,0,0,0,258.14,0.0465,10400,34,4,0,0,0,305.88,0.1176,mid opponent,21500,77,279.22,700,9,-2,0,0,0,-47.74,-0.0711,,350.0,-350.0,0.5162790697674419,0.4837209302325581,0
IMG_5768.PNG,1,Opponent 1,57,57,0,8700,37,2,0,0,0,235.14,0.0541,10600,41,2,0,0,0,258.54,0.0488,weak opponent,19300,78,247.44,-1900,-4,0,0,0,0,-23.4,0.0053,,-950.0,950.0,0.4507772020725388,0.5492227979274611,0
IMG_5769.PNG,1,Opponent 1,58,58,0,14700,36,9,0,0,0,408.33,0.25,16100,34,13,0,0,0,473.53,0.3824,strong opponent,30800,70,440.0,-1400,2,-4,0,0,0,-65.2,-0.1324,,-700.0,700.0,0.4772727272727273,0.5227272727272727,0
IMG_5770.PNG,1,Opponent 1,59,59,0,8300,33,2,0,0,0,251.52,0.0606,10000,35,2,0,0,0,285.71,0.0571,weak opponent,18300,68,269.12,-1700,-2,0,0,0,0,-34.19,0.0035,,-850.0,850.0,0.453551912568306,0.546448087431694,0
IMG_5771.PNG,1,Opponent 1,60,60,0,10600,35,2,0,0,0,302.86,0.0571,13000,35,5,2,0,0,371.43,0.1429,strong opponent,23600,70,337.14,-2400,0,-3,-2,0,0,-68.57,-0.0858,,-1200.0,1200.0,0.4491525423728814,0.5508474576271186,0
IMG_5772.PNG,1,Opponent 1,61,61,1,11300,40,4,0,0,0,282.5,0.1,9500,33,2,1,0,0,287.88,0.0606,weak opponent,20800,73,284.93,1800,7,2,-1,0,0,-5.38,0.0394,,900.0,-900.0,0.5432692307692307,0.4567307692307692,0
IMG_5773.PNG,1,Opponent 1,62,62,1,6200,23,3,0,0,0,269.57,0.1304,4200,17,1,0,0,0,247.06,0.0588,weak opponent,10400,40,260.0,2000,6,2,0,0,0,22.51,0.0716,,1000.0,-1000.0,0.5961538461538461,0.4038461538461538,0
IMG_5774.PNG,1,Opponent 1,63,63,1,11500,32,5,0,0,0,359.38,0.1562,9600,31,2,1,0,0,309.68,0.0645,mid opponent,21100,63,334.92,1900,1,3,-1,0,0,49.7,0.0917,,950.0,-950.0,0.5450236966824644,0.4549763033175355,0
IMG_5775.PNG,1,Opponent 1,64,64,1,15800,38,9,2,0,0,415.79,0.2368,15700,36,10,2,0,0,436.11,0.2778,strong opponent,31500,74,425.68,100,2,-1,0,0,0,-20.32,-0.041,,50.0,-50.0,0.5015873015873016,0.4984126984126984,0
IMG_5776.PNG,1,Opponent 1,65,65,0,10400,40,1,0,0,0,260.0,0.025,11300,35,6,1,0,0,322.86,0.1714,mid opponent,21700,75,289.33,-900,5,-5,-1,0,0,-62.86,-0.1464,,-450.0,450.0,0.4792626728110599,0.5207373271889401,0
IMG_5777.PNG,1,Opponent 1,66,66,0,7800,36,0,0,0,0,216.67,0.0,11200,26,4,4,1,0,430.77,0.1538,strong opponent,19000,62,306.45,-3400,10,-4,-4,-1,0,-214.1,-0.1538,,-1700.0,1700.0,0.4105263157894737,0.5894736842105263,0
IMG_5778.PNG,1,Opponent 1,67,67,0,8000,27,2,0,0,0,296.3,0.0741,12500,36,5,1,0,0,347.22,0.1389,mid opponent,20500,63,325.4,-4500,-9,-3,-1,0,0,-50.92,-0.0648,,-2250.0,2250.0,0.3902439024390244,0.6097560975609756,0
IMG_5779.PNG,1,Opponent 1,68,68,0,8400,31,2,0,0,0,270.97,0.0645,11100,30,4,2,1,1,370.0,0.1333,strong opponent,19500,61,319.67,-2700,1,-2,-2,-1,-1,-99.03,-0.0688,,-1350.0,1350.0,0.4307692307692308,0.5692307692307692,0
IMG_5780.PNG,1,Opponent 1,69,69,1,10300,29,5,0,0,0,355.17,0.1724,8100,20,4,2,0,0,405.0,0.2,strong opponent,18400,49,375.51,2200,9,1,-2,0,0,-49.83,-0.0276,,1100.0,-1100.0,0.5597826086956522,0.4402173913043478,0
IMG_5781.PNG,1,Opponent 1,70,70,1,9500,31,4,0,0,0,306.45,0.129,7000,25,3,0,0,0,280.0,0.12,weak opponent,16500,56,294.64,2500,6,1,0,0,0,26.45,0.009,,1250.0,-1250.0,0.5757575757575758,0.4242424242424242,0
IMG_5782.PNG,1,Opponent 1,71,71,0,11300,32,6,0,0,0,353.12,0.1875,16100,33,11,3,0,0,487.88,0.3333,strong opponent,27400,65,421.54,-4800,-1,-5,-3,0,0,-134.76,-0.1458,,-2400.0,2400.0,0.4124087591240876,0.5875912408759124,0
IMG_5783.PNG,1,Opponent 1,72,72,0,5100,24,0,0,0,0,212.5,0.0,8300,22,4,2,0,0,377.27,0.1818,strong opponent,13400,46,291.3,-3200,2,-4,-2,0,0,-164.77,-0.1818,,-1600.0,1600.0,0.3805970149253731,0.6194029850746269,0
IMG_5784.PNG,1,Opponent 1,73,73,0,7900,28,3,0,0,0,282.14,0.1071,13600,31,8,3,1,0,438.71,0.2581,strong opponent,21500,59,364.41,-5700,-3,-5,-3,-1,0,-156.57,-0.151,,-2850.0,2850.0,0.3674418604651163,0.6325581395348837,0
IMG_5785.PNG,1,Opponent 1,74,74,1,20200,45,12,3,1,0,448.89,0.2667,18700,44,11,0,0,0,425.0,0.25,strong opponent,38900,89,437.08,1500,1,1,3,1,0,23.89,0.0167,,750.0,-750.0,0.519280205655527,0.480719794344473,0
IMG_5786.PNG,1,Opponent 1,75,75,1,9200,40,1,0,0,0,230.0,0.025,9100,38,2,0,0,0,239.47,0.0526,weak opponent,18300,78,234.62,100,2,-1,0,0,0,-9.47,-0.0276,,50.0,-50.0,0.5027322404371585,0.4972677595628415,0
IMG_5787.PNG,1,Opponent 1,76,76,0,8600,35,0,0,0,0,245.71,0.0,14500,29,7,4,1,0,500.0,0.2414,strong opponent,23100,64,360.94,-5900,6,-7,-4,-1,0,-254.29,-0.2414,,-2950.0,2950.0,0.3722943722943723,0.6277056277056277,0
IMG_5788.PNG,1,Opponent 1,77,77,1,5800,24,1,0,0,0,241.67,0.0417,5400,27,0,0,0,0,200.0,0.0,weak opponent,11200,51,219.61,400,-3,1,0,0,0,41.67,0.0417,,200.0,-200.0,0.5178571428571429,0.4821428571428571,0
IMG_5789.PNG,1,Opponent 1,78,78,0,8500,38,2,1,0,0,223.68,0.0526,8900,32,3,1,0,0,278.12,0.0938,weak opponent,17400,70,248.57,-400,6,-1,0,0,0,-54.44,-0.0412,,-200.0,200.0,0.4885057471264368,0.5114942528735632,0
IMG_5790.PNG,1,Opponent 1,79,79,0,6200,29,0,0,0,0,213.79,0.0,8200,28,3,0,0,0,292.86,0.1071,weak opponent,14400,57,252.63,-2000,1,-3,0,0,0,-79.07,-0.1071,,-1000.0,1000.0,0.4305555555555556,0.5694444444444444,0
IMG_5791.PNG,1,Opponent 1,80,80,0,5800,28,0,0,0,0,207.14,0.0,11700,35,4,1,0,0,334.29,0.1143,mid opponent,17500,63,277.78,-5900,-7,-4,-1,0,0,-127.15,-0.1143,,-2950.0,2950.0,0.3314285714285714,0.6685714285714286,0
IMG_5792.PNG,1,Opponent 1,81,81,0,12800,33,5,2,0,0,387.88,0.1515,22300,40,12,7,0,0,557.5,0.3,strong opponent,35100,73,480.82,-9500,-7,-7,-5,0,0,-169.62,-0.1485,,-4750.0,4750.0,0.3646723646723647,0.6353276353276354,0
IMG_5793.PNG,1,Opponent 1,82,82,0,7600,30,1,0,0,0,253.33,0.0333,9400,27,4,2,0,0,348.15,0.1481,mid opponent,17000,57,298.25,-1800,3,-3,-2,0,0,-94.82,-0.1148,,-900.0,900.0,0.4470588235294118,0.5529411764705883,0
IMG_5794.PNG,1,Opponent 1,83,83,0,4200,20,1,0,0,0,210.0,0.05,6200,25,1,0,0,0,248.0,0.04,weak opponent,10400,45,231.11,-2000,-5,0,0,0,0,-38.0,0.01,,-1000.0,1000.0,0.4038461538461538,0.5961538461538461,0
IMG_5795.PNG,1,Opponent 1,84,84,1,14000,40,7,1,0,0,350.0,0.175,13400,39,5,1,0,0,343.59,0.1282,mid opponent,27400,79,346.84,600,1,2,0,0,0,6.41,0.0468,,300.0,-300.0,0.5109489051094891,0.4890510948905109,0
IMG_5796.PNG,1,Opponent 1,85,85,1,8500,40,0,0,0,0,212.5,0.0,5500,25,0,0,0,0,220.0,0.0,weak opponent,14000,65,215.38,3000,15,0,0,0,0,-7.5,0.0,,1500.0,-1500.0,0.6071428571428571,0.3928571428571428,0
IMG_5797.PNG,1,Opponent 1,86,86,0,11900,36,5,0,0,0,330.56,0.1389,11900,37,4,2,0,0,321.62,0.1081,mid opponent,23800,73,326.03,0,-1,1,-2,0,0,8.94,0.0308,"DRAW! banner (tie game, 11900-11900) - not a win or loss; my_won recorded as 0 by convention",0.0,0.0,0.5,0.5,0
IMG_5798.PNG,1,Opponent 1,87,87,0,20300,42,14,4,0,0,483.33,0.3333,21900,37,13,7,3,1,591.89,0.3514,strong opponent,42200,79,534.18,-1600,5,1,-3,-3,-1,-108.56,-0.0181,,-800.0,800.0,0.481042654028436,0.518957345971564,0
IMG_5799.PNG,1,Opponent 1,88,88,0,13700,40,7,0,0,0,342.5,0.175,14100,33,8,2,0,0,427.27,0.2424,strong opponent,27800,73,380.82,-400,7,-1,-2,0,0,-84.77,-0.0674,,-200.0,200.0,0.4928057553956834,0.5071942446043165,0
IMG_5800.PNG,1,Opponent 1,89,89,1,11800,31,6,2,0,0,380.65,0.1935,9200,30,5,1,0,0,306.67,0.1667,mid opponent,21000,61,344.26,2600,1,1,1,0,0,73.98,0.0268,,1300.0,-1300.0,0.5619047619047619,0.4380952380952381,0
IMG_5801.PNG,1,Opponent 1,90,90,1,17700,51,8,0,0,0,347.06,0.1569,16000,48,7,0,0,0,333.33,0.1458,mid opponent,33700,99,340.4,1700,3,1,0,0,0,13.73,0.0111,,850.0,-850.0,0.5252225519287834,0.4747774480712166,0
IMG_5802.PNG,1,Opponent 1,91,91,0,12100,39,4,1,0,0,310.26,0.1026,14700,44,6,1,0,0,334.09,0.1364,mid opponent,26800,83,322.89,-2600,-5,-2,0,0,0,-23.83,-0.0338,,-1300.0,1300.0,0.4514925373134328,0.5485074626865671,0
IMG_5803.PNG,1,Opponent 1,92,92,1,10500,36,3,0,0,0,291.67,0.0833,10100,31,4,0,0,0,325.81,0.129,mid opponent,20600,67,307.46,400,5,-1,0,0,0,-34.14,-0.0457,,200.0,-200.0,0.5097087378640777,0.4902912621359223,0
IMG_5804.PNG,1,Opponent 1,93,93,0,6200,24,2,0,0,0,258.33,0.0833,8000,26,3,1,0,0,307.69,0.1154,mid opponent,14200,50,284.0,-1800,-2,-1,-1,0,0,-49.36,-0.0321,,-900.0,900.0,0.4366197183098591,0.5633802816901409,0
IMG_5805.PNG,1,Opponent 1,94,94,0,9800,33,2,0,0,0,296.97,0.0606,15200,43,6,0,0,0,353.49,0.1395,mid opponent,25000,76,328.95,-5400,-10,-4,0,0,0,-56.52,-0.0789,,-2700.0,2700.0,0.392,0.608,0
IMG_5806.PNG,1,Opponent 1,95,95,0,3900,23,1,0,0,0,169.57,0.0435,4400,25,1,0,0,0,176.0,0.04,weak opponent,8300,48,172.92,-500,-2,0,0,0,0,-6.43,0.0035,,-250.0,250.0,0.4698795180722891,0.5301204819277109,0
IMG_5807.PNG,1,Opponent 1,96,96,0,9600,28,5,0,0,0,342.86,0.1786,14300,33,7,2,1,0,433.33,0.2121,strong opponent,23900,61,391.8,-4700,-5,-2,-2,-1,0,-90.47,-0.0335,opponent had a word worth 1800 (tier between 1400/2200); counted toward over_800 and over_1400,-2350.0,2350.0,0.401673640167364,0.5983263598326359,0
IMG_5808.PNG,1,Opponent 1,97,97,1,10100,32,3,0,0,0,315.62,0.0938,9700,28,3,0,0,0,346.43,0.1071,mid opponent,19800,60,330.0,400,4,0,0,0,0,-30.81,-0.0133,,200.0,-200.0,0.51010101010101,0.4898989898989899,0
IMG_5809.PNG,1,Opponent 1,98,98,1,23100,59,13,0,0,0,391.53,0.2203,20200,40,12,5,0,0,505.0,0.3,strong opponent,43300,99,437.37,2900,19,1,-5,0,0,-113.47,-0.0797,,1450.0,-1450.0,0.5334872979214781,0.4665127020785219,0
IMG_5810.PNG,1,Opponent 1,99,99,1,12600,40,5,0,0,0,315.0,0.125,9200,35,3,0,0,0,262.86,0.0857,weak opponent,21800,75,290.67,3400,5,2,0,0,0,52.14,0.0393,,1700.0,-1700.0,0.5779816513761468,0.4220183486238532,0
IMG_5811.PNG,1,Opponent 1,100,100,0,8900,28,4,0,0,0,317.86,0.1429,15400,37,8,2,1,0,416.22,0.2162,strong opponent,24300,65,373.85,-6500,-9,-4,-2,-1,0,-98.36,-0.0733,opponent had a word worth 1800 (tier between 1400/2200); counted toward over_800 and over_1400,-3250.0,3250.0,0.3662551440329218,0.6337448559670782,0
IMG_5812.PNG,1,Opponent 1,101,101,0,10000,34,3,0,0,0,294.12,0.0882,19700,42,11,4,0,0,469.05,0.2619,strong opponent,29700,76,390.79,-9700,-8,-8,-4,0,0,-174.93,-0.1737,,-4850.0,4850.0,0.3367003367003367,0.6632996632996633,0
IMG_5813.PNG,1,Opponent 1,102,102,0,3800,22,1,0,0,0,172.73,0.0455,4700,23,0,0,0,0,204.35,0.0,weak opponent,8500,45,188.89,-900,-1,1,0,0,0,-31.62,0.0455,,-450.0,450.0,0.4470588235294118,0.5529411764705883,0
IMG_5814.PNG,1,Opponent 1,103,103,1,13300,36,7,1,0,0,369.44,0.1944,12400,39,4,3,0,0,317.95,0.1026,mid opponent,25700,75,342.67,900,-3,3,-2,0,0,51.49,0.0918,,450.0,-450.0,0.5175097276264592,0.4824902723735408,0
IMG_5815.PNG,1,Opponent 1,104,104,0,8600,24,2,0,0,0,358.33,0.0833,10900,27,3,2,1,0,403.7,0.1111,strong opponent,19500,51,382.35,-2300,-3,-1,-2,-1,0,-45.37,-0.0278,,-1150.0,1150.0,0.441025641025641,0.558974358974359,0
IMG_5816.PNG,1,Opponent 1,105,105,0,6600,29,1,0,0,0,227.59,0.0345,11000,33,5,1,0,0,333.33,0.1515,mid opponent,17600,62,283.87,-4400,-4,-4,-1,0,0,-105.74,-0.117,,-2200.0,2200.0,0.375,0.625,0
IMG_5817.PNG,1,Opponent 1,106,106,1,6400,26,2,0,0,0,246.15,0.0769,5500,20,2,0,0,0,275.0,0.1,weak opponent,11900,46,258.7,900,6,0,0,0,0,-28.85,-0.0231,,450.0,-450.0,0.5378151260504201,0.4621848739495798,0
IMG_5818.PNG,1,Opponent 1,107,107,0,8800,45,1,0,0,0,195.56,0.0222,9400,48,1,1,0,0,195.83,0.0208,weak opponent,18200,93,195.7,-600,-3,0,-1,0,0,-0.27,0.0014,,-300.0,300.0,0.4835164835164835,0.5164835164835165,0
IMG_5819.PNG,1,Opponent 1,108,108,1,11400,42,3,0,0,0,271.43,0.0714,10700,34,4,0,0,0,314.71,0.1176,mid opponent,22100,76,290.79,700,8,-1,0,0,0,-43.28,-0.0462,,350.0,-350.0,0.5158371040723982,0.4841628959276018,0
IMG_5820.PNG,1,Opponent 1,109,109,0,8900,29,3,0,0,0,306.9,0.1034,9100,31,3,1,0,0,293.55,0.0968,weak opponent,18000,60,300.0,-200,-2,0,-1,0,0,13.35,0.0066,,-100.0,100.0,0.4944444444444444,0.5055555555555555,0
IMG_5821.PNG,1,Opponent 1,110,110,0,11000,32,6,0,0,0,343.75,0.1875,12100,35,5,0,0,0,345.71,0.1429,mid opponent,23100,67,344.78,-1100,-3,1,0,0,0,-1.96,0.0446,,-550.0,550.0,0.4761904761904761,0.5238095238095238,0
IMG_5822.PNG,1,Opponent 1,111,111,0,6400,31,0,0,0,0,206.45,0.0,10000,34,3,2,0,0,294.12,0.0882,weak opponent,16400,65,252.31,-3600,-3,-3,-2,0,0,-87.67,-0.0882,,-1800.0,1800.0,0.3902439024390244,0.6097560975609756,0
IMG_5823.PNG,1,Opponent 1,112,112,0,8200,30,4,0,0,0,273.33,0.1333,10100,38,3,0,0,0,265.79,0.0789,weak opponent,18300,68,269.12,-1900,-8,1,0,0,0,7.54,0.0544,,-950.0,950.0,0.448087431693989,0.5519125683060109,0
IMG_5824.PNG,1,Opponent 1,113,113,1,13200,31,8,2,0,0,425.81,0.2581,9100,26,5,1,0,0,350.0,0.1923,mid opponent,22300,57,391.23,4100,5,3,1,0,0,75.81,0.0658,,2050.0,-2050.0,0.5919282511210763,0.4080717488789238,0
IMG_5825.PNG,1,Opponent 1,114,114,1,12900,47,4,0,0,0,274.47,0.0851,12400,39,4,0,0,0,317.95,0.1026,mid opponent,25300,86,294.19,500,8,0,0,0,0,-43.48,-0.0175,,250.0,-250.0,0.5098814229249012,0.4901185770750988,0
IMG_5826.PNG,1,Opponent 1,115,115,0,10800,29,4,2,0,0,372.41,0.1379,13100,32,6,2,0,0,409.38,0.1875,strong opponent,23900,61,391.8,-2300,-3,-2,0,0,0,-36.97,-0.0496,,-1150.0,1150.0,0.4518828451882845,0.5481171548117155,0
IMG_5827.PNG,1,Opponent 1,116,116,0,20600,54,11,0,0,0,381.48,0.2037,20700,38,13,4,2,1,544.74,0.3421,strong opponent,41300,92,448.91,-100,16,-2,-4,-2,-1,-163.26,-0.1384,"opponent had words worth 1800 and 2200 (SWORDER/SWORDERS); 2200 counted in all tiers, 1800 in over_800/over_1400",-50.0,50.0,0.4987893462469733,0.5012106537530266,0
IMG_5828.PNG,2,Opponent 2,117,1,1,5700,32,1,0,0,0,178.12,0.0312,4200,24,0,0,0,0,175.0,0.0,weak opp2,9900,56,176.79,1500,8,1,0,0,0,3.12,0.0312,,750.0,-750.0,0.5757575757575758,0.4242424242424242,1
IMG_5829.PNG,2,Opponent 2,118,2,0,12400,51,1,0,0,0,243.14,0.0196,14600,44,6,1,0,0,331.82,0.1364,strong opp2,27000,95,284.21,-2200,7,-5,-1,0,0,-88.68,-0.1168,,-1100.0,1100.0,0.4592592592592592,0.5407407407407407,1
IMG_5830.PNG,2,Opponent 2,119,3,1,15000,33,9,2,0,0,454.55,0.2727,11200,31,6,0,0,0,361.29,0.1935,strong opp2,26200,64,409.38,3800,2,3,2,0,0,93.26,0.0792,,1900.0,-1900.0,0.5725190839694656,0.4274809160305343,1
IMG_5831.PNG,2,Opponent 2,120,4,1,15500,52,4,0,0,0,298.08,0.0769,8700,31,2,0,0,0,280.65,0.0645,mid opp2,24200,83,291.57,6800,21,2,0,0,0,17.43,0.0124,,3400.0,-3400.0,0.640495867768595,0.359504132231405,1
IMG_5832.PNG,2,Opponent 2,121,5,0,8400,30,3,0,0,0,280.0,0.1,15100,39,7,3,0,0,387.18,0.1795,strong opp2,23500,69,340.58,-6700,-9,-4,-3,0,0,-107.18,-0.0795,,-3350.0,3350.0,0.3574468085106383,0.6425531914893617,1
IMG_5833.PNG,2,Opponent 2,122,6,0,5700,20,1,0,0,0,285.0,0.05,8100,25,2,1,0,0,324.0,0.08,mid opp2,13800,45,306.67,-2400,-5,-1,-1,0,0,-39.0,-0.03,,-1200.0,1200.0,0.4130434782608695,0.5869565217391305,1
IMG_5834.PNG,2,Opponent 2,123,7,1,15000,41,7,0,0,0,365.85,0.1707,13800,38,7,0,0,0,363.16,0.1842,strong opp2,28800,79,364.56,1200,3,0,0,0,0,2.69,-0.0135,,600.0,-600.0,0.5208333333333334,0.4791666666666667,1
IMG_5835.PNG,2,Opponent 2,124,8,0,5300,26,0,0,0,0,203.85,0.0,6300,30,0,0,0,0,210.0,0.0,weak opp2,11600,56,207.14,-1000,-4,0,0,0,0,-6.15,0.0,,-500.0,500.0,0.4568965517241379,0.5431034482758621,1
IMG_5836.PNG,2,Opponent 2,125,9,1,5200,20,2,0,0,0,260.0,0.1,4200,21,0,0,0,0,200.0,0.0,weak opp2,9400,41,229.27,1000,-1,2,0,0,0,60.0,0.1,,500.0,-500.0,0.5531914893617021,0.4468085106382978,1
IMG_5837.PNG,2,Opponent 2,126,10,1,20500,44,14,1,0,0,465.91,0.3182,10300,29,5,0,0,0,355.17,0.1724,strong opp2,30800,73,421.92,10200,15,9,1,0,0,110.74,0.1458,,5100.0,-5100.0,0.6655844155844156,0.3344155844155844,1
IMG_5838.PNG,2,Opponent 2,127,11,0,17000,36,8,5,0,0,472.22,0.2222,20700,40,11,5,2,0,517.5,0.275,strong opp2,37700,76,496.05,-3700,-4,-3,0,-2,0,-45.28,-0.0528,"opponent had non-standard 1800-point words (TRAILED, TRIALED); counted toward over_800 and over_1400",-1850.0,1850.0,0.4509283819628647,0.5490716180371353,1
IMG_5839.PNG,2,Opponent 2,128,12,1,5200,21,1,0,0,0,247.62,0.0476,4500,20,1,0,0,0,225.0,0.05,weak opp2,9700,41,236.59,700,1,0,0,0,0,22.62,-0.0024,,350.0,-350.0,0.5360824742268041,0.4639175257731959,1
IMG_5840.PNG,2,Opponent 2,129,13,0,3300,15,0,0,0,0,220.0,0.0,4100,19,1,0,0,0,215.79,0.0526,weak opp2,7400,34,217.65,-800,-4,-1,0,0,0,4.21,-0.0526,,-400.0,400.0,0.4459459459459459,0.5540540540540541,1
IMG_5841.PNG,2,Opponent 2,130,14,1,5500,20,2,1,0,0,275.0,0.1,5300,26,0,0,0,0,203.85,0.0,weak opp2,10800,46,234.78,200,-6,2,1,0,0,71.15,0.1,,100.0,-100.0,0.5092592592592593,0.4907407407407407,1
IMG_5842.PNG,2,Opponent 2,131,15,1,12700,43,3,0,0,0,295.35,0.0698,11300,41,3,0,0,0,275.61,0.0732,mid opp2,24000,84,285.71,1400,2,0,0,0,0,19.74,-0.0034,,700.0,-700.0,0.5291666666666667,0.4708333333333333,1
IMG_5843.PNG,2,Opponent 2,132,16,1,13200,43,5,0,0,0,306.98,0.1163,5300,28,1,0,0,0,189.29,0.0357,weak opp2,18500,71,260.56,7900,15,4,0,0,0,117.69,0.0806,,3950.0,-3950.0,0.7135135135135136,0.2864864864864865,1
IMG_5844.PNG,2,Opponent 2,133,17,0,5600,22,1,0,0,0,254.55,0.0455,8000,31,1,0,0,0,258.06,0.0323,mid opp2,13600,53,256.6,-2400,-9,0,0,0,0,-3.51,0.0132,,-1200.0,1200.0,0.4117647058823529,0.5882352941176471,1
IMG_5845.PNG,2,Opponent 2,134,18,0,5500,21,1,0,0,0,261.9,0.0476,5700,27,0,0,0,0,211.11,0.0,weak opp2,11200,48,233.33,-200,-6,1,0,0,0,50.79,0.0476,,-100.0,100.0,0.4910714285714285,0.5089285714285714,1
IMG_5846.PNG,2,Opponent 2,135,19,0,6700,27,1,0,0,0,248.15,0.037,8300,30,2,0,0,0,276.67,0.0667,mid opp2,15000,57,263.16,-1600,-3,-1,0,0,0,-28.52,-0.0297,,-800.0,800.0,0.4466666666666666,0.5533333333333333,1
IMG_5847.PNG,2,Opponent 2,136,20,0,9400,43,0,0,0,0,218.6,0.0,9800,33,2,2,0,0,296.97,0.0606,mid opp2,19200,76,252.63,-400,10,-2,-2,0,0,-78.37,-0.0606,,-200.0,200.0,0.4895833333333333,0.5104166666666666,1
IMG_5848.PNG,2,Opponent 2,137,21,0,13000,31,5,3,1,0,419.35,0.1613,15000,38,6,4,1,0,394.74,0.1579,strong opp2,28000,69,405.8,-2000,-7,-1,-1,0,0,24.61,0.0034,,-1000.0,1000.0,0.4642857142857143,0.5357142857142857,1
IMG_5849.PNG,2,Opponent 2,138,22,0,5800,28,0,0,0,0,207.14,0.0,5900,29,0,0,0,0,203.45,0.0,weak opp2,11700,57,205.26,-100,-1,0,0,0,0,3.69,0.0,,-50.0,50.0,0.4957264957264957,0.5042735042735043,1
IMG_5850.PNG,2,Opponent 2,139,23,1,9300,30,3,0,0,0,310.0,0.1,6800,29,0,0,0,0,234.48,0.0,weak opp2,16100,59,272.88,2500,1,3,0,0,0,75.52,0.1,,1250.0,-1250.0,0.577639751552795,0.422360248447205,1
IMG_5851.PNG,2,Opponent 2,140,24,1,23100,53,15,0,0,0,435.85,0.283,16900,39,10,1,0,0,433.33,0.2564,strong opp2,40000,92,434.78,6200,14,5,-1,0,0,2.52,0.0266,my_words_over_800 is a lower bound; visible 15-word list never drops below 800 before truncation (38 more hidden) — verified directly,3100.0,-3100.0,0.5775,0.4225,1
IMG_5852.PNG,2,Opponent 2,141,25,0,5600,25,1,0,0,0,224.0,0.04,6400,24,1,0,0,0,266.67,0.0417,mid opp2,12000,49,244.9,-800,1,0,0,0,0,-42.67,-0.0017,,-400.0,400.0,0.4666666666666667,0.5333333333333333,1
IMG_5853.PNG,2,Opponent 2,142,26,1,8800,31,3,0,0,0,283.87,0.0968,5300,22,1,0,0,0,240.91,0.0455,weak opp2,14100,53,266.04,3500,9,2,0,0,0,42.96,0.0513,,1750.0,-1750.0,0.624113475177305,0.375886524822695,1
IMG_5854.PNG,2,Opponent 2,143,27,1,9200,35,0,0,0,0,262.86,0.0,7100,28,1,0,0,0,253.57,0.0357,mid opp2,16300,63,258.73,2100,7,-1,0,0,0,9.29,-0.0357,,1050.0,-1050.0,0.5644171779141104,0.4355828220858895,1
IMG_5855.PNG,2,Opponent 2,144,28,1,15300,39,9,1,0,0,392.31,0.2308,10300,29,5,0,0,0,355.17,0.1724,strong opp2,25600,68,376.47,5000,10,4,1,0,0,37.14,0.0584,,2500.0,-2500.0,0.59765625,0.40234375,1
IMG_5856.PNG,2,Opponent 2,145,29,1,11700,40,5,0,0,0,292.5,0.125,11300,36,5,0,0,0,313.89,0.1389,mid opp2,23000,76,302.63,400,4,0,0,0,0,-21.39,-0.0139,,200.0,-200.0,0.508695652173913,0.4913043478260869,1
IMG_5857.PNG,2,Opponent 2,146,30,1,17700,43,11,0,0,0,411.63,0.2558,13800,40,5,0,0,0,345.0,0.125,strong opp2,31500,83,379.52,3900,3,6,0,0,0,66.63,0.1308,,1950.0,-1950.0,0.5619047619047619,0.4380952380952381,1
IMG_5858.PNG,2,Opponent 2,147,31,1,12200,41,3,0,0,0,297.56,0.0732,9800,31,4,0,0,0,316.13,0.129,mid opp2,22000,72,305.56,2400,10,-1,0,0,0,-18.57,-0.0558,,1200.0,-1200.0,0.5545454545454546,0.4454545454545454,1
IMG_5859.PNG,2,Opponent 2,148,32,1,12100,35,5,0,0,0,345.71,0.1429,9900,37,2,0,0,0,267.57,0.0541,mid opp2,22000,72,305.56,2200,-2,3,0,0,0,78.14,0.0888,,1100.0,-1100.0,0.55,0.45,1
IMG_5860.PNG,2,Opponent 2,149,33,0,5700,25,2,0,0,0,228.0,0.08,5900,23,3,0,0,0,256.52,0.1304,mid opp2,11600,48,241.67,-200,2,-1,0,0,0,-28.52,-0.0504,,-100.0,100.0,0.4913793103448275,0.5086206896551724,1
IMG_5861.PNG,2,Opponent 2,150,34,1,10300,46,0,0,0,0,223.91,0.0,8900,35,0,0,0,0,254.29,0.0,mid opp2,19200,81,237.04,1400,11,0,0,0,0,-30.38,0.0,,700.0,-700.0,0.5364583333333334,0.4635416666666667,1
IMG_5862.PNG,2,Opponent 2,151,35,1,11400,31,5,0,0,0,367.74,0.1613,9300,31,2,0,0,0,300.0,0.0645,mid opp2,20700,62,333.87,2100,0,3,0,0,0,67.74,0.0968,,1050.0,-1050.0,0.5507246376811594,0.4492753623188406,1
IMG_5863.PNG,2,Opponent 2,152,36,0,9800,36,2,0,0,0,272.22,0.0556,20600,38,9,7,3,0,542.11,0.2368,strong opp2,30400,74,410.81,-10800,-2,-7,-7,-3,0,-269.89,-0.1812,opponent had three 1800-point words (WOOLERS/TOOLERS/COOLERS); counted toward over_800 and over_1400,-5400.0,5400.0,0.3223684210526316,0.6776315789473685,1
IMG_5864.PNG,2,Opponent 2,153,37,1,17100,37,11,2,0,0,462.16,0.2973,10000,29,5,1,0,0,344.83,0.1724,strong opp2,27100,66,410.61,7100,8,6,1,0,0,117.33,0.1249,,3550.0,-3550.0,0.6309963099630996,0.3690036900369003,1
IMG_5865.PNG,2,Opponent 2,154,38,0,7600,26,2,0,0,0,292.31,0.0769,12100,25,6,5,0,0,484.0,0.24,strong opp2,19700,51,386.27,-4500,1,-4,-5,0,0,-191.69,-0.1631,,-2250.0,2250.0,0.3857868020304568,0.6142131979695431,1
IMG_5866.PNG,2,Opponent 2,155,39,0,6500,22,1,0,0,0,295.45,0.0455,6900,22,2,0,0,0,313.64,0.0909,mid opp2,13400,44,304.55,-400,0,-1,0,0,0,-18.19,-0.0454,,-200.0,200.0,0.4850746268656716,0.5149253731343284,1
IMG_5867.PNG,2,Opponent 2,156,40,0,2300,14,0,0,0,0,164.29,0.0,3400,15,1,0,0,0,226.67,0.0667,weak opp2,5700,29,196.55,-1100,-1,-1,0,0,0,-62.38,-0.0667,,-550.0,550.0,0.4035087719298245,0.5964912280701754,1
IMG_5868.PNG,2,Opponent 2,157,41,1,16600,47,8,0,0,0,353.19,0.1702,16500,45,9,1,0,0,366.67,0.2,strong opp2,33100,92,359.78,100,2,-1,-1,0,0,-13.48,-0.0298,,50.0,-50.0,0.5015105740181269,0.4984894259818731,1
IMG_5869.PNG,2,Opponent 2,158,42,0,9300,29,4,0,0,0,320.69,0.1379,15100,29,11,3,0,0,520.69,0.3793,strong opp2,24400,58,420.69,-5800,0,-7,-3,0,0,-200.0,-0.2414,,-2900.0,2900.0,0.3811475409836065,0.6188524590163934,1
IMG_5870.PNG,2,Opponent 2,159,43,1,11500,30,7,1,0,0,383.33,0.2333,7700,29,3,0,0,0,265.52,0.1034,mid opp2,19200,59,325.42,3800,1,4,1,0,0,117.81,0.1299,,1900.0,-1900.0,0.5989583333333334,0.4010416666666667,1
IMG_5871.PNG,2,Opponent 2,160,44,0,8100,28,2,0,0,0,289.29,0.0714,8300,34,1,0,0,0,244.12,0.0294,weak opp2,16400,62,264.52,-200,-6,1,0,0,0,45.17,0.042,,-100.0,100.0,0.4939024390243902,0.5060975609756098,1
IMG_5872.PNG,2,Opponent 2,161,45,0,7600,21,4,0,0,0,361.9,0.1905,8900,21,5,2,0,0,423.81,0.2381,strong opp2,16500,42,392.86,-1300,0,-1,-2,0,0,-61.91,-0.0476,,-650.0,650.0,0.4606060606060606,0.5393939393939394,1
IMG_5873.PNG,2,Opponent 2,162,46,0,13600,39,7,0,0,0,348.72,0.1795,16900,38,11,0,0,0,444.74,0.2895,strong opp2,30500,77,396.1,-3300,1,-4,0,0,0,-96.02,-0.11,,-1650.0,1650.0,0.4459016393442623,0.5540983606557377,1
IMG_5874.PNG,2,Opponent 2,163,47,1,10000,33,4,0,0,0,303.03,0.1212,8300,29,3,0,0,0,286.21,0.1034,mid opp2,18300,62,295.16,1700,4,1,0,0,0,16.82,0.0178,,850.0,-850.0,0.546448087431694,0.453551912568306,1
IMG_5875.PNG,2,Opponent 2,164,48,1,5900,26,0,0,0,0,226.92,0.0,3000,18,0,0,0,0,166.67,0.0,weak opp2,8900,44,202.27,2900,8,0,0,0,0,60.25,0.0,,1450.0,-1450.0,0.6629213483146067,0.3370786516853932,1
IMG_5876.PNG,2,Opponent 2,165,49,1,6300,26,1,1,0,0,242.31,0.0385,5300,26,0,0,0,0,203.85,0.0,weak opp2,11600,52,223.08,1000,0,1,1,0,0,38.46,0.0385,,500.0,-500.0,0.5431034482758621,0.4568965517241379,1
IMG_5877.PNG,2,Opponent 2,166,50,1,9400,35,2,0,0,0,268.57,0.0571,8900,36,2,0,0,0,247.22,0.0556,weak opp2,18300,71,257.75,500,-1,0,0,0,0,21.35,0.0015,,250.0,-250.0,0.5136612021857924,0.4863387978142076,1
IMG_5878.PNG,2,Opponent 2,167,51,1,8400,37,2,0,0,0,227.03,0.0541,7400,30,2,0,0,0,246.67,0.0667,weak opp2,15800,67,235.82,1000,7,0,0,0,0,-19.64,-0.0126,,500.0,-500.0,0.5316455696202531,0.4683544303797468,1
