file,my_won,my_score,my_words,my_words_over_800,my_words_over_1400,my_words_over_1800,my_words_over_2200,opp2_score,opp2_words,opp2_words_over_800,opp2_words_over_1400,opp2_words_over_1800,opp2_words_over_2200,notes,score_diff,words_diff,words_over_800_diff,words_over_1400_diff,words_over_1800_diff,words_over_2200_diff,total_score,total_words,my_avg_word_value,opp2_avg_word_value,total_avg_word_value,avg_word_value_diff,my_hv_rate,opp2_hv_rate,hv_rate_diff,opp2_tier,game_idx
IMG_5828.PNG,1,5700,32,1,0,0,0,4200,24,0,0,0,0,,1500,8,1,0,0,0,9900,56,178.12,175.0,176.79,3.12,0.0312,0.0,0.0312,weak opp2,1
IMG_5829.PNG,0,12400,51,1,0,0,0,14600,44,6,1,0,0,,-2200,7,-5,-1,0,0,27000,95,243.14,331.82,284.21,-88.68,0.0196,0.1364,-0.1168,strong opp2,2
IMG_5830.PNG,1,15000,33,9,2,0,0,11200,31,6,0,0,0,,3800,2,3,2,0,0,26200,64,454.55,361.29,409.38,93.26,0.2727,0.1935,0.0792,strong opp2,3
IMG_5831.PNG,1,15500,52,4,0,0,0,8700,31,2,0,0,0,,6800,21,2,0,0,0,24200,83,298.08,280.65,291.57,17.43,0.0769,0.0645,0.0124,mid opp2,4
IMG_5832.PNG,0,8400,30,3,0,0,0,15100,39,7,3,0,0,,-6700,-9,-4,-3,0,0,23500,69,280.0,387.18,340.58,-107.18,0.1,0.1795,-0.0795,strong opp2,5
IMG_5833.PNG,0,5700,20,1,0,0,0,8100,25,2,1,0,0,,-2400,-5,-1,-1,0,0,13800,45,285.0,324.0,306.67,-39.0,0.05,0.08,-0.03,mid opp2,6
IMG_5834.PNG,1,15000,41,7,0,0,0,13800,38,7,0,0,0,,1200,3,0,0,0,0,28800,79,365.85,363.16,364.56,2.69,0.1707,0.1842,-0.0135,strong opp2,7
IMG_5835.PNG,0,5300,26,0,0,0,0,6300,30,0,0,0,0,,-1000,-4,0,0,0,0,11600,56,203.85,210.0,207.14,-6.15,0.0,0.0,0.0,weak opp2,8
IMG_5836.PNG,1,5200,20,2,0,0,0,4200,21,0,0,0,0,,1000,-1,2,0,0,0,9400,41,260.0,200.0,229.27,60.0,0.1,0.0,0.1,weak opp2,9
IMG_5837.PNG,1,20500,44,14,1,0,0,10300,29,5,0,0,0,,10200,15,9,1,0,0,30800,73,465.91,355.17,421.92,110.74,0.3182,0.1724,0.1458,strong opp2,10
IMG_5838.PNG,0,17000,36,8,5,0,0,20700,40,11,5,2,0,"opponent had non-standard 1800-point words (TRAILED, TRIALED); counted toward over_800 and over_1400",-3700,-4,-3,0,-2,0,37700,76,472.22,517.5,496.05,-45.28,0.2222,0.275,-0.0528,strong opp2,11
IMG_5839.PNG,1,5200,21,1,0,0,0,4500,20,1,0,0,0,,700,1,0,0,0,0,9700,41,247.62,225.0,236.59,22.62,0.0476,0.05,-0.0024,weak opp2,12
IMG_5840.PNG,0,3300,15,0,0,0,0,4100,19,1,0,0,0,,-800,-4,-1,0,0,0,7400,34,220.0,215.79,217.65,4.21,0.0,0.0526,-0.0526,weak opp2,13
IMG_5841.PNG,1,5500,20,2,1,0,0,5300,26,0,0,0,0,,200,-6,2,1,0,0,10800,46,275.0,203.85,234.78,71.15,0.1,0.0,0.1,weak opp2,14
IMG_5842.PNG,1,12700,43,3,0,0,0,11300,41,3,0,0,0,,1400,2,0,0,0,0,24000,84,295.35,275.61,285.71,19.74,0.0698,0.0732,-0.0034,mid opp2,15
IMG_5843.PNG,1,13200,43,5,0,0,0,5300,28,1,0,0,0,,7900,15,4,0,0,0,18500,71,306.98,189.29,260.56,117.69,0.1163,0.0357,0.0806,weak opp2,16
IMG_5844.PNG,0,5600,22,1,0,0,0,8000,31,1,0,0,0,,-2400,-9,0,0,0,0,13600,53,254.55,258.06,256.6,-3.51,0.0455,0.0323,0.0132,mid opp2,17
IMG_5845.PNG,0,5500,21,1,0,0,0,5700,27,0,0,0,0,,-200,-6,1,0,0,0,11200,48,261.9,211.11,233.33,50.79,0.0476,0.0,0.0476,weak opp2,18
IMG_5846.PNG,0,6700,27,1,0,0,0,8300,30,2,0,0,0,,-1600,-3,-1,0,0,0,15000,57,248.15,276.67,263.16,-28.52,0.037,0.0667,-0.0297,mid opp2,19
IMG_5847.PNG,0,9400,43,0,0,0,0,9800,33,2,2,0,0,,-400,10,-2,-2,0,0,19200,76,218.6,296.97,252.63,-78.37,0.0,0.0606,-0.0606,mid opp2,20
IMG_5848.PNG,0,13000,31,5,3,1,0,15000,38,6,4,1,0,,-2000,-7,-1,-1,0,0,28000,69,419.35,394.74,405.8,24.61,0.1613,0.1579,0.0034,strong opp2,21
IMG_5849.PNG,0,5800,28,0,0,0,0,5900,29,0,0,0,0,,-100,-1,0,0,0,0,11700,57,207.14,203.45,205.26,3.69,0.0,0.0,0.0,weak opp2,22
IMG_5850.PNG,1,9300,30,3,0,0,0,6800,29,0,0,0,0,,2500,1,3,0,0,0,16100,59,310.0,234.48,272.88,75.52,0.1,0.0,0.1,weak opp2,23
IMG_5851.PNG,1,23100,53,15,0,0,0,16900,39,10,1,0,0,my_words_over_800 is a lower bound; visible 15-word list never drops below 800 before truncation (38 more hidden) — verified directly,6200,14,5,-1,0,0,40000,92,435.85,433.33,434.78,2.52,0.283,0.2564,0.0266,strong opp2,24
IMG_5852.PNG,0,5600,25,1,0,0,0,6400,24,1,0,0,0,,-800,1,0,0,0,0,12000,49,224.0,266.67,244.9,-42.67,0.04,0.0417,-0.0017,mid opp2,25
IMG_5853.PNG,1,8800,31,3,0,0,0,5300,22,1,0,0,0,,3500,9,2,0,0,0,14100,53,283.87,240.91,266.04,42.96,0.0968,0.0455,0.0513,weak opp2,26
IMG_5854.PNG,1,9200,35,0,0,0,0,7100,28,1,0,0,0,,2100,7,-1,0,0,0,16300,63,262.86,253.57,258.73,9.29,0.0,0.0357,-0.0357,mid opp2,27
IMG_5855.PNG,1,15300,39,9,1,0,0,10300,29,5,0,0,0,,5000,10,4,1,0,0,25600,68,392.31,355.17,376.47,37.14,0.2308,0.1724,0.0584,strong opp2,28
IMG_5856.PNG,1,11700,40,5,0,0,0,11300,36,5,0,0,0,,400,4,0,0,0,0,23000,76,292.5,313.89,302.63,-21.39,0.125,0.1389,-0.0139,mid opp2,29
IMG_5857.PNG,1,17700,43,11,0,0,0,13800,40,5,0,0,0,,3900,3,6,0,0,0,31500,83,411.63,345.0,379.52,66.63,0.2558,0.125,0.1308,strong opp2,30
IMG_5858.PNG,1,12200,41,3,0,0,0,9800,31,4,0,0,0,,2400,10,-1,0,0,0,22000,72,297.56,316.13,305.56,-18.57,0.0732,0.129,-0.0558,mid opp2,31
IMG_5859.PNG,1,12100,35,5,0,0,0,9900,37,2,0,0,0,,2200,-2,3,0,0,0,22000,72,345.71,267.57,305.56,78.14,0.1429,0.0541,0.0888,mid opp2,32
IMG_5860.PNG,0,5700,25,2,0,0,0,5900,23,3,0,0,0,,-200,2,-1,0,0,0,11600,48,228.0,256.52,241.67,-28.52,0.08,0.1304,-0.0504,mid opp2,33
IMG_5861.PNG,1,10300,46,0,0,0,0,8900,35,0,0,0,0,,1400,11,0,0,0,0,19200,81,223.91,254.29,237.04,-30.38,0.0,0.0,0.0,mid opp2,34
IMG_5862.PNG,1,11400,31,5,0,0,0,9300,31,2,0,0,0,,2100,0,3,0,0,0,20700,62,367.74,300.0,333.87,67.74,0.1613,0.0645,0.0968,mid opp2,35
IMG_5863.PNG,0,9800,36,2,0,0,0,20600,38,9,7,3,0,opponent had three 1800-point words (WOOLERS/TOOLERS/COOLERS); counted toward over_800 and over_1400,-10800,-2,-7,-7,-3,0,30400,74,272.22,542.11,410.81,-269.89,0.0556,0.2368,-0.1812,strong opp2,36
IMG_5864.PNG,1,17100,37,11,2,0,0,10000,29,5,1,0,0,,7100,8,6,1,0,0,27100,66,462.16,344.83,410.61,117.33,0.2973,0.1724,0.1249,strong opp2,37
IMG_5865.PNG,0,7600,26,2,0,0,0,12100,25,6,5,0,0,,-4500,1,-4,-5,0,0,19700,51,292.31,484.0,386.27,-191.69,0.0769,0.24,-0.1631,strong opp2,38
IMG_5866.PNG,0,6500,22,1,0,0,0,6900,22,2,0,0,0,,-400,0,-1,0,0,0,13400,44,295.45,313.64,304.55,-18.19,0.0455,0.0909,-0.0454,mid opp2,39
IMG_5867.PNG,0,2300,14,0,0,0,0,3400,15,1,0,0,0,,-1100,-1,-1,0,0,0,5700,29,164.29,226.67,196.55,-62.38,0.0,0.0667,-0.0667,weak opp2,40
IMG_5868.PNG,1,16600,47,8,0,0,0,16500,45,9,1,0,0,,100,2,-1,-1,0,0,33100,92,353.19,366.67,359.78,-13.48,0.1702,0.2,-0.0298,strong opp2,41
IMG_5869.PNG,0,9300,29,4,0,0,0,15100,29,11,3,0,0,,-5800,0,-7,-3,0,0,24400,58,320.69,520.69,420.69,-200.0,0.1379,0.3793,-0.2414,strong opp2,42
IMG_5870.PNG,1,11500,30,7,1,0,0,7700,29,3,0,0,0,,3800,1,4,1,0,0,19200,59,383.33,265.52,325.42,117.81,0.2333,0.1034,0.1299,mid opp2,43
IMG_5871.PNG,0,8100,28,2,0,0,0,8300,34,1,0,0,0,,-200,-6,1,0,0,0,16400,62,289.29,244.12,264.52,45.17,0.0714,0.0294,0.042,weak opp2,44
IMG_5872.PNG,0,7600,21,4,0,0,0,8900,21,5,2,0,0,,-1300,0,-1,-2,0,0,16500,42,361.9,423.81,392.86,-61.91,0.1905,0.2381,-0.0476,strong opp2,45
IMG_5873.PNG,0,13600,39,7,0,0,0,16900,38,11,0,0,0,,-3300,1,-4,0,0,0,30500,77,348.72,444.74,396.1,-96.02,0.1795,0.2895,-0.11,strong opp2,46
IMG_5874.PNG,1,10000,33,4,0,0,0,8300,29,3,0,0,0,,1700,4,1,0,0,0,18300,62,303.03,286.21,295.16,16.82,0.1212,0.1034,0.0178,mid opp2,47
IMG_5875.PNG,1,5900,26,0,0,0,0,3000,18,0,0,0,0,,2900,8,0,0,0,0,8900,44,226.92,166.67,202.27,60.25,0.0,0.0,0.0,weak opp2,48
IMG_5876.PNG,1,6300,26,1,1,0,0,5300,26,0,0,0,0,,1000,0,1,1,0,0,11600,52,242.31,203.85,223.08,38.46,0.0385,0.0,0.0385,weak opp2,49
IMG_5877.PNG,1,9400,35,2,0,0,0,8900,36,2,0,0,0,,500,-1,0,0,0,0,18300,71,268.57,247.22,257.75,21.35,0.0571,0.0556,0.0015,weak opp2,50
IMG_5878.PNG,1,8400,37,2,0,0,0,7400,30,2,0,0,0,,1000,7,0,0,0,0,15800,67,227.03,246.67,235.82,-19.64,0.0541,0.0667,-0.0126,weak opp2,51
